{
  "carvers": {
    "air": [
      "minecraft:cave",
      "minecraft:cave_extra_underground",
      "minecraft:canyon"
    ]
  },
  "downfall": 0.8,
  "effects": {
    "fog_color": 12638463,
    "foliage_color": 2210437,
    "grass_color": 5956704,
    "mood_sound": {
      "block_search_extent": 8,
      "offset": 2.0,
      "sound": "minecraft:ambient.cave",
      "tick_delay": 6000
    },
    "music": {
      "max_delay": 24000,
      "min_delay": 12000,
      "replace_current_music": false,
      "sound": "ars_nouveau:aria_biblio"
    },
    "sky_color": 7978751,
    "water_color": 7978751,
    "water_fog_color": 329011
  },
  "features": [
    [],
    [],
    [
      "ars_monde:sparse_trees",
      "ars_monde:placed_lights"
    ],
    [],
    [],
    [],
    [
      "ars_monde:tuff_patch",
      "ars_monde:deepslate_patch",
      "ars_monde:ore_gilded_amethyst"
    ],
    [],
    [
      "minecraft:spring_water"
    ],
    [
      "minecraft:glow_lichen",
      "ars_monde:moss_patch_ceiling",
      "minecraft:cave_vines",
      "ars_monde:clay_puddles",
      "ars_monde:rocks",
      "ars_monde:sourceberry_pile",
      "ars_monde:sourceberry_bush",
      "ars_monde:moss_patch",
      "ars_monde:grass_vegetation",
      "ars_nouveau:mojang_grass",
      "ars_nouveau:mojang_flowers",
      "minecraft:patch_tall_grass_2",
      "minecraft:classic_vines_cave_feature"
    ],
    [
      "minecraft:freeze_top_layer"
    ]
  ],
  "has_precipitation": true,
  "spawn_costs": {
    "minecraft:glow_squid": {
      "energy_budget": 1,
      "charge": 1
    }
  },
  "spawners": {
    "ambient": [],
    "axolotls": [],
    "creature": [
      {
        "type": "ars_nouveau:starbuncle",
        "maxCount": 5,
        "minCount": 3,
        "weight": 2
      },
      {
        "type": "ars_nouveau:drygmy",
        "maxCount": 3,
        "minCount": 1,
        "weight": 2
      },
      {
        "type": "ars_nouveau:whirlisprig",
        "maxCount": 3,
        "minCount": 1,
        "weight": 2
      },
      {
        "type": "ars_nouveau:blazing_weald_walker",
        "maxCount": 1,
        "minCount": 1,
        "weight": 3
      },
      {
        "type": "ars_nouveau:cascading_weald_walker",
        "maxCount": 1,
        "minCount": 1,
        "weight": 3
      },
      {
        "type": "ars_nouveau:flourishing_weald_walker",
        "maxCount": 1,
        "minCount": 1,
        "weight": 3
      },
      {
        "type": "ars_nouveau:vexing_weald_walker",
        "maxCount": 1,
        "minCount": 1,
        "weight": 3
      }
    ],
    "misc": [],
    "monster": [],
    "underground_water_creature": [],
    "water_ambient": [],
    "water_creature": [
      {
        "type": "minecraft:glow_squid",
        "maxCount": 3,
        "minCount": 1,
        "weight": 1
      }
    ]
  },
  "temperature": 0.7
}