{
  "type": "minecraft:vegetation_patch",
  "config": {
    "depth": 3,
    "extra_bottom_block_chance": 0.8,
    "extra_edge_column_chance": 0.7,
    "ground_state": {
      "type": "minecraft:simple_state_provider",
      "state": {
        "Name": "minecraft:pearlescent_froglight"
      }
    },
    "replaceable": "#minecraft:crystal_sound_blocks",
    "surface": "floor",
    "vegetation_chance": 0.0,
    "vegetation_feature": {
      "feature": "minecraft:dripleaf",
      "placement": []
    },
    "vertical_range": 5,
    "xz_radius": {
      "type": "minecraft:uniform",
      "max_inclusive": 6,
      "min_inclusive": 4
    }
  }
}