{
  "type": "minecraft:ore",
  "config": {
    "discard_chance_on_air_exposure": 0.0,
    "size": 12,
    "targets": [
      {
        "state": {
          "Name": "ars_monde_lib:gilded_amethyst_smooth_basalt"
        },
        "target": {
          "predicate_type": "minecraft:block_match",
          "block": "minecraft:smooth_basalt"
        }
      },
      {
        "state": {
          "Name": "ars_monde_lib:gilded_amethyst_blackstone"
        },
        "target": {
          "predicate_type": "minecraft:block_match",
          "block": "minecraft:blackstone"
        }
      }
    ]
  }
}
