{
  "aquifers_enabled": true,
  "default_block": {
    "Name": "minecraft:smooth_basalt"
  },
  "default_fluid": {
    "Name": "minecraft:water",
    "Properties": {
      "level": "0"
    }
  },
  "disable_mob_generation": false,
  "legacy_random_source": true,
  "noise": {
    "height": 256,
    "min_y": -64,
    "size_horizontal": 1,
    "size_vertical": 2
  },
  "noise_router": {
    "barrier": 0.0,
    "continents": 0.0,
    "depth": 0.0,
    "erosion": 0.0,
    "final_density": {
      "type": "minecraft:squeeze",
      "argument": {
        "type": "minecraft:mul",
        "argument1": 0.64,
        "argument2": {
          "type": "minecraft:interpolated",
          "argument": {
            "type": "minecraft:blend_density",
            "argument": {
              "type": "minecraft:add",
              "argument1": 2.5,
              "argument2": {
                "type": "minecraft:mul",
                "argument1": {
                  "type": "minecraft:y_clamped_gradient",
                  "from_value": 0.0,
                  "from_y": -64,
                  "to_value": 1.0,
                  "to_y": -16
                },
                "argument2": {
                  "type": "minecraft:add",
                  "argument1": -2.5,
                  "argument2": {
                    "type": "minecraft:add",
                    "argument1": 0.9375,
                    "argument2": {
                      "type": "minecraft:mul",
                      "argument1": {
                        "type": "minecraft:y_clamped_gradient",
                        "from_value": 1.0,
                        "from_y": 178,
                        "to_value": 0.0,
                        "to_y": 192
                      },
                      "argument2": {
                        "type": "minecraft:add",
                        "argument1": -0.9375,
                        "argument2": "ars_monde:ars_monde_base_noise"
                      }
                    }
                  }
                }
              }
            }
          }
        }
      }
    },
    "fluid_level_floodedness": 0.0,
    "fluid_level_spread": 0.0,
    "initial_density_without_jaggedness": 0.0,
    "lava": 0.0,
    "ridges": 0.0,
    "temperature": {
      "type": "minecraft:shifted_noise",
      "noise": "minecraft:temperature",
      "shift_x": "minecraft:shift_x",
      "shift_y": 0.0,
      "shift_z": "minecraft:shift_z",
      "xz_scale": 0.25,
      "y_scale": 0.0
    },
    "vegetation": {
      "type": "minecraft:shifted_noise",
      "noise": "minecraft:vegetation",
      "shift_x": "minecraft:shift_x",
      "shift_y": 0.0,
      "shift_z": "minecraft:shift_z",
      "xz_scale": 0.25,
      "y_scale": 0.0
    },
    "vein_gap": 0.0,
    "vein_ridged": 0.0,
    "vein_toggle": 0.0
  },
  "ore_veins_enabled": false,
  "sea_level": -16,
  "spawn_target": [],
  "surface_rule": {
    "type": "minecraft:sequence",
    "sequence": [
      {
        "type": "minecraft:condition",
        "if_true": {
          "type": "minecraft:not",
          "invert": {
            "random_name": "minecraft:bedrock_roof",
            "type": "minecraft:vertical_gradient",
            "false_at_and_above": {
              "below_top": 0
            },
            "true_at_and_below": {
              "below_top": 5
            }
          }
        },
        "then_run": {
          "type": "minecraft:block",
          "result_state": {
            "Name": "minecraft:bedrock"
          }
        }
      },
      {
        "type": "minecraft:condition",
        "if_true": {
          "random_name": "minecraft:bedrock_floor",
          "type": "minecraft:vertical_gradient",
          "false_at_and_above": {
            "above_bottom": 5
          },
          "true_at_and_below": {
            "above_bottom": 0
          }
        },
        "then_run": {
          "type": "minecraft:block",
          "result_state": {
            "Name": "minecraft:bedrock"
          }
        }
      },
      {
        "type": "minecraft:condition",
        "if_true": {
          "type": "minecraft:water",
          "add_stone_depth": false,
          "offset": -1,
          "surface_depth_multiplier": 0
        },
        "then_run": {
          "type": "minecraft:sequence",
          "sequence": [
            {
              "type": "minecraft:condition",
              "if_true": {
                "type": "minecraft:stone_depth",
                "add_surface_depth": false,
                "offset": 0,
                "secondary_depth_range": 0,
                "surface_type": "floor"
              },
              "then_run": {
                "type": "minecraft:block",
                "result_state": {
                  "Name": "minecraft:grass_block"
                }
              }
            },
            {
              "type": "minecraft:condition",
              "if_true": {
                "type": "minecraft:stone_depth",
                "add_surface_depth": true,
                "offset": 0,
                "secondary_depth_range": 0,
                "surface_type": "floor"
              },
              "then_run": {
                "type": "minecraft:block",
                "result_state": {
                  "Name": "minecraft:mud"
                }
              }
            }
          ]
        }
      },
      {
        "type": "minecraft:condition",
        "if_true": {
          "random_name": "minecraft:blackstone_layer",
          "type": "minecraft:vertical_gradient",
          "false_at_and_above": {
            "absolute": 32
          },
          "true_at_and_below": {
            "absolute": 24
          }
        },
        "then_run": {
          "type": "minecraft:block",
          "result_state": {
            "Name": "minecraft:blackstone"
          }
        }
      }
    ]
  }
}