{
    "effects": "overworld",
    "ultrawarm": false,
    "natural": false,
    "piglin_safe": false,
    "respawn_anchor_works": false,
    "bed_works": false,
    "has_raids": true,
    "has_skylight": true,
    "has_ceiling": true,
    "coordinate_scale": 1,
    "ambient_light": 0,
    "logical_height": 384,
    "infiniburn": "#minecraft:infiniburn_overworld",
    "min_y": -64,
    "height": 384,
    "monster_spawn_light_level": {
        "type": "minecraft:uniform",
        "min_inclusive": 0,
        "max_inclusive": 7
    },
    "monster_spawn_block_light_limit": 0
}