{
    "feature": "mining_dimension:ore_iron_small",
    "placement": [
      {
        "type": "minecraft:count",
        "count": 17
      },
      {
        "type": "minecraft:in_square"
      },
      {
        "type": "minecraft:height_range",
        "height": {
          "type": "minecraft:trapezoid",
          "max_inclusive": {
            "absolute": 320
          },
          "min_inclusive": {
            "absolute": 0
          }
        }
      },
      {
        "type": "minecraft:biome"
      }
    ]
  }