{
    "feature": "ars_monde:ore_gilded_amethyst",
    "placement": [
      {
        "type": "minecraft:count",
        "count": 4
      },
      {
        "type": "minecraft:in_square"
      },
      {
        "type": "minecraft:height_range",
        "height": {
          "type": "minecraft:uniform",
          "max_inclusive": {
            "below_top": 0
          },
          "min_inclusive": {
            "above_bottom": 0
          }
        }
      },
      {
        "type": "minecraft:biome"
      }
    ]
  }