{
  "feature": "ars_monde:mixed_archwoods",
  "placement": [
    {
      "type": "minecraft:count_on_every_layer",
      "count": 1
    },
    {
      "type": "minecraft:environment_scan",
      "direction_of_search": "up",
      "max_steps": 12,
      "target_condition": {
        "type": "minecraft:not",
        "predicate": {
          "type": "minecraft:matching_fluids",
          "fluids": "#minecraft:water"
        }
      }
    },
    {
      "type": "minecraft:biome"
    }
  ]
}
